{"lr": 0.009998217937626687, "data_time": 0.0021074612935384116, "loss": 0.13824800898631415, "decode.loss_ce": 0.0957349944445822, "decode.acc_seg": 45.867919921875, "aux.loss_ce": 0.04251301454173194, "aux.acc_seg": 44.7357177734375, "time": 1.1984164184994168, "memory": 6130, "step": 9}
{"lr": 0.00997794446709763, "data_time": 0.0022109508514404296, "loss": 0.07595836631953716, "decode.loss_ce": 0.052570747956633565, "decode.acc_seg": 83.001708984375, "aux.loss_ce": 0.023387618735432623, "aux.acc_seg": 78.7109375, "time": 0.2800262928009033, "memory": 3596, "step": 100}
{"lr": 0.009955660594668054, "data_time": 0.002200484275817871, "loss": 0.059898825362324715, "decode.loss_ce": 0.04088314585387707, "decode.acc_seg": 78.021240234375, "aux.loss_ce": 0.019015679880976678, "aux.acc_seg": 74.212646484375, "time": 0.28759446144104006, "memory": 3596, "step": 200}
{"lr": 0.009933371122565919, "data_time": 0.0020839929580688476, "loss": 0.05280703715980053, "decode.loss_ce": 0.03623228594660759, "decode.acc_seg": 87.6983642578125, "aux.loss_ce": 0.016574750933796168, "aux.acc_seg": 82.84912109375, "time": 0.2894981622695923, "memory": 3596, "step": 300}
{"lr": 0.009911076035273796, "data_time": 0.0019934892654418944, "loss": 0.05841986536979675, "decode.loss_ce": 0.039458819665014744, "decode.acc_seg": 81.781005859375, "aux.loss_ce": 0.018961045425385237, "aux.acc_seg": 76.8157958984375, "time": 0.2923867702484131, "memory": 3596, "step": 400}
