{"lr": 0.009998217937626687, "data_time": 0.0018845929039849176, "loss": 0.13786861134899986, "decode.loss_ce": 0.09538639502392875, "decode.acc_seg": 50.732421875, "aux.loss_ce": 0.04248221591114998, "aux.acc_seg": 45.8740234375, "time": 1.7476220660739474, "memory": 6130, "step": 9}
{"lr": 0.00997794446709763, "data_time": 0.0021283626556396484, "loss": 0.07661124020814895, "decode.loss_ce": 0.05269296206533909, "decode.acc_seg": 77.5482177734375, "aux.loss_ce": 0.023918278887867926, "aux.acc_seg": 76.806640625, "time": 0.2990472078323364, "memory": 3427, "step": 100}
{"lr": 0.009955660594668054, "data_time": 0.00207977294921875, "loss": 0.060716016590595244, "decode.loss_ce": 0.041554890014231204, "decode.acc_seg": 81.378173828125, "aux.loss_ce": 0.019161126390099526, "aux.acc_seg": 70.513916015625, "time": 0.3057244062423706, "memory": 3427, "step": 200}
{"lr": 0.009933371122565919, "data_time": 0.0023487329483032225, "loss": 0.05340820550918579, "decode.loss_ce": 0.036723324470221995, "decode.acc_seg": 84.7686767578125, "aux.loss_ce": 0.016684881877154112, "aux.acc_seg": 78.2257080078125, "time": 0.30814690589904786, "memory": 3427, "step": 300}
{"lr": 0.009911076035273796, "data_time": 0.0020820140838623048, "loss": 0.05772143565118313, "decode.loss_ce": 0.039417370408773425, "decode.acc_seg": 80.2490234375, "aux.loss_ce": 0.018304064683616162, "aux.acc_seg": 78.6651611328125, "time": 0.3100313425064087, "memory": 3427, "step": 400}
{"aAcc": 73.3, "mIoU": 39.04, "mAcc": 46.57, "data_time": 0.15721235555761, "time": 2.612491214976591, "step": 400}
{"lr": 0.0098887753171919, "data_time": 0.0022437334060668944, "loss": 0.05641869977116585, "decode.loss_ce": 0.03941936213523149, "decode.acc_seg": 65.4541015625, "aux.loss_ce": 0.016999337635934354, "aux.acc_seg": 61.5325927734375, "time": 0.3152389764785767, "memory": 6755, "step": 500}
{"lr": 0.009866468952637547, "data_time": 0.0021017789840698242, "loss": 0.05409384462982416, "decode.loss_ce": 0.03782075233757496, "decode.acc_seg": 84.2010498046875, "aux.loss_ce": 0.016273092292249203, "aux.acc_seg": 81.689453125, "time": 0.31822707653045657, "memory": 3429, "step": 600}
{"lr": 0.009844156925844432, "data_time": 0.0021392107009887695, "loss": 0.054540563747286795, "decode.loss_ce": 0.03860642816871405, "decode.acc_seg": 83.8226318359375, "aux.loss_ce": 0.01593413520604372, "aux.acc_seg": 83.3648681640625, "time": 0.32244894504547117, "memory": 3429, "step": 700}
{"lr": 0.009821839220962003, "data_time": 0.0021469831466674806, "loss": 0.043694145418703555, "decode.loss_ce": 0.030734367668628693, "decode.acc_seg": 71.710205078125, "aux.loss_ce": 0.012959777424111963, "aux.acc_seg": 68.4783935546875, "time": 0.32506823539733887, "memory": 3429, "step": 800}
{"aAcc": 83.13, "mIoU": 59.19, "mAcc": 71.91, "data_time": 0.003551907009548611, "time": 0.2784903579288059, "step": 800}
{"lr": 0.009799515822054777, "data_time": 0.001994895935058594, "loss": 0.058106377720832825, "decode.loss_ce": 0.04143363703042269, "decode.acc_seg": 82.1441650390625, "aux.loss_ce": 0.016672741621732712, "aux.acc_seg": 83.2794189453125, "time": 0.32518022060394286, "memory": 3429, "step": 900}
{"lr": 0.00977718671310168, "data_time": 0.0020908117294311523, "loss": 0.04614714644849301, "decode.loss_ce": 0.032474678568542005, "decode.acc_seg": 83.8623046875, "aux.loss_ce": 0.013672467600554229, "aux.acc_seg": 83.0474853515625, "time": 0.3265778303146362, "memory": 3429, "step": 1000}
{"lr": 0.009754851877995354, "data_time": 0.001992201805114746, "loss": 0.04859150554984808, "decode.loss_ce": 0.03424419602379203, "decode.acc_seg": 84.6038818359375, "aux.loss_ce": 0.014347309526056052, "aux.acc_seg": 82.9498291015625, "time": 0.3301572322845459, "memory": 3429, "step": 1100}
{"lr": 0.009732511300541468, "data_time": 0.0019954442977905273, "loss": 0.03610477391630411, "decode.loss_ce": 0.024589673057198523, "decode.acc_seg": 93.011474609375, "aux.loss_ce": 0.01151510034687817, "aux.acc_seg": 87.847900390625, "time": 0.327999210357666, "memory": 3429, "step": 1200}
{"aAcc": 79.34, "mIoU": 54.87, "mAcc": 63.25, "data_time": 0.0034441550572713218, "time": 0.2838906447092692, "step": 1200}
{"lr": 0.009710164964458045, "data_time": 0.002193307876586914, "loss": 0.04129845723509788, "decode.loss_ce": 0.02918079514056444, "decode.acc_seg": 85.15625, "aux.loss_ce": 0.012117662001401186, "aux.acc_seg": 83.5296630859375, "time": 0.32788877487182616, "memory": 3429, "step": 1300}
{"lr": 0.009687812853374727, "data_time": 0.0020926713943481444, "loss": 0.03941862210631371, "decode.loss_ce": 0.027389862202107908, "decode.acc_seg": 78.948974609375, "aux.loss_ce": 0.012028759717941285, "aux.acc_seg": 80.46875, "time": 0.33179531097412107, "memory": 3429, "step": 1400}
{"lr": 0.009665454950832103, "data_time": 0.0019951343536376955, "loss": 0.042958809062838554, "decode.loss_ce": 0.030198754742741585, "decode.acc_seg": 75.3814697265625, "aux.loss_ce": 0.012760054785758257, "aux.acc_seg": 75.006103515625, "time": 0.32944061756134035, "memory": 3429, "step": 1500}
{"lr": 0.009643091240280942, "data_time": 0.0021917104721069338, "loss": 0.036768102645874025, "decode.loss_ce": 0.02587789883837104, "decode.acc_seg": 80.5328369140625, "aux.loss_ce": 0.010890204180032014, "aux.acc_seg": 80.889892578125, "time": 0.3300511598587036, "memory": 3429, "step": 1600}
{"aAcc": 76.79, "mIoU": 51.88, "mAcc": 61.28, "data_time": 0.003325992160373264, "time": 0.2849251694149441, "step": 1600}
{"lr": 0.009620721705081534, "data_time": 0.0021167278289794924, "loss": 0.04629835765808821, "decode.loss_ce": 0.03231819644570351, "decode.acc_seg": 86.4501953125, "aux.loss_ce": 0.013980160793289542, "aux.acc_seg": 84.2742919921875, "time": 0.3301276922225952, "memory": 3429, "step": 1700}
{"lr": 0.009598346328502901, "data_time": 0.002094554901123047, "loss": 0.04186282511800528, "decode.loss_ce": 0.02990849418565631, "decode.acc_seg": 88.067626953125, "aux.loss_ce": 0.011954330978915096, "aux.acc_seg": 87.43896484375, "time": 0.3337282419204712, "memory": 3429, "step": 1800}
{"lr": 0.009575965093722064, "data_time": 0.002186703681945801, "loss": 0.04138543382287026, "decode.loss_ce": 0.028858265839517117, "decode.acc_seg": 86.5631103515625, "aux.loss_ce": 0.012527168402448297, "aux.acc_seg": 86.993408203125, "time": 0.3336620569229126, "memory": 3429, "step": 1900}
{"lr": 0.009553577983823325, "data_time": 0.002479076385498047, "loss": 0.03919857665896416, "decode.loss_ce": 0.02817999692633748, "decode.acc_seg": 80.804443359375, "aux.loss_ce": 0.011018580198287964, "aux.acc_seg": 83.02001953125, "time": 0.3335815191268921, "memory": 3429, "step": 2000}
{"aAcc": 79.35, "mIoU": 58.44, "mAcc": 68.59, "data_time": 0.003156251377529568, "time": 0.28799231847127277, "step": 2000}
{"lr": 0.0095311849817975, "data_time": 0.002382636070251465, "loss": 0.037956738658249375, "decode.loss_ce": 0.02655739029869437, "decode.acc_seg": 90.7135009765625, "aux.loss_ce": 0.01139934821985662, "aux.acc_seg": 91.876220703125, "time": 0.3335333108901978, "memory": 3429, "step": 2100}
{"lr": 0.009508786070541123, "data_time": 0.0020864009857177734, "loss": 0.03589849770069122, "decode.loss_ce": 0.025461864471435548, "decode.acc_seg": 76.4312744140625, "aux.loss_ce": 0.01043663308955729, "aux.acc_seg": 77.0111083984375, "time": 0.3353942632675171, "memory": 3429, "step": 2200}
{"lr": 0.009486381232855704, "data_time": 0.0021918773651123046, "loss": 0.03821640834212303, "decode.loss_ce": 0.027692865394055844, "decode.acc_seg": 81.7901611328125, "aux.loss_ce": 0.010523543134331704, "aux.acc_seg": 83.056640625, "time": 0.3345946788787842, "memory": 3429, "step": 2300}
{"lr": 0.009463970451446941, "data_time": 0.0020943641662597655, "loss": 0.030752440541982652, "decode.loss_ce": 0.021093832422047855, "decode.acc_seg": 93.7103271484375, "aux.loss_ce": 0.009658608213067054, "aux.acc_seg": 87.0819091796875, "time": 0.3328711986541748, "memory": 3429, "step": 2400}
{"aAcc": 88.8, "mIoU": 69.4,