{"coco/bbox_mAP": 0.795, "coco/bbox_mAP_50": 0.916, "coco/bbox_mAP_75": 0.87, "coco/bbox_mAP_s": 0.101, "coco/bbox_mAP_m": 0.636, "coco/bbox_mAP_l": 0.885, "data_time": 0.704721212387085, "time": 1.509596824645996}