{"lr": 0.009998217937626687, "data_time": 0.002215147018432617, "loss": 0.13792473491695192, "decode.loss_ce": 0.09551212522718641, "decode.acc_seg": 48.4466552734375, "aux.loss_ce": 0.04241261134545008, "aux.acc_seg": 51.8829345703125, "time": 1.240115722020467, "memory": 6130, "step": 9}
{"lr": 0.00997794446709763, "data_time": 0.0023648977279663087, "loss": 0.0783993262797594, "decode.loss_ce": 0.05506618842482567, "decode.acc_seg": 76.513671875, "aux.loss_ce": 0.023333138041198253, "aux.acc_seg": 76.28173828125, "time": 0.2835637807846069, "memory": 3596, "step": 100}
{"lr": 0.009955660594668054, "data_time": 0.0021995067596435546, "loss": 0.061856525391340254, "decode.loss_ce": 0.042784393206238745, "decode.acc_seg": 79.541015625, "aux.loss_ce": 0.019072131905704736, "aux.acc_seg": 73.20556640625, "time": 0.28564236164093015, "memory": 3596, "step": 200}
{"lr": 0.009933371122565919, "data_time": 0.0020947933197021486, "loss": 0.05544129647314548, "decode.loss_ce": 0.03888092748820782, "decode.acc_seg": 88.61083984375, "aux.loss_ce": 0.016560369078069924, "aux.acc_seg": 89.6453857421875, "time": 0.2881868839263916, "memory": 3596, "step": 300}
{"lr": 0.009911076035273796, "data_time": 0.0019944429397583006, "loss": 0.05365963131189346, "decode.loss_ce": 0.03657232001423836, "decode.acc_seg": 82.67822265625, "aux.loss_ce": 0.01708731148391962, "aux.acc_seg": 80.2978515625, "time": 0.2890124559402466, "memory": 3596, "step": 400}
{"aAcc": 62.04, "mIoU": 24.25, "mAcc": 32.96, "data_time": 0.13506103964412913, "time": 2.5668339869555306, "step": 400}
{"lr": 0.0098887753171919, "data_time": 0.002001357078552246, "loss": 0.0525506105273962, "decode.loss_ce": 0.036241537518799306, "decode.acc_seg": 78.0426025390625, "aux.loss_ce": 0.01630907179787755, "aux.acc_seg": 69.6136474609375, "time": 0.3011460304260254, "memory": 6755, "step": 500}
{"lr": 0.009866468952637547, "data_time": 0.0022947311401367186, "loss": 0.05623679235577583, "decode.loss_ce": 0.039710008539259434, "decode.acc_seg": 79.510498046875, "aux.loss_ce": 0.016526784282177687, "aux.acc_seg": 82.5897216796875, "time": 0.30667338371276853, "memory": 3598, "step": 600}
{"lr": 0.009844156925844432, "data_time": 0.002190256118774414, "loss": 0.05846584290266037, "decode.loss_ce": 0.0417982405051589, "decode.acc_seg": 77.91748046875, "aux.loss_ce": 0.016667602956295012, "aux.acc_seg": 80.7037353515625, "time": 0.30713841915130613, "memory": 3598, "step": 700}
{"lr": 0.009821839220962003, "data_time": 0.0019904136657714843, "loss": 0.04618762321770191, "decode.loss_ce": 0.032610171288251874, "decode.acc_seg": 66.8426513671875, "aux.loss_ce": 0.01357745137065649, "aux.acc_seg": 66.0919189453125, "time": 0.3112508296966553, "memory": 3598, "step": 800}
{"aAcc": 72.61, "mIoU": 33.36, "mAcc": 39.83, "data_time": 0.003322389390733507, "time": 0.2810597817103068, "step": 800}
{"lr": 0.009799515822054777, "data_time": 0.002100086212158203, "loss": 0.056241892650723456, "decode.loss_ce": 0.039967105723917484, "decode.acc_seg": 82.72705078125, "aux.loss_ce": 0.016274786787107587, "aux.acc_seg": 84.41162109375, "time": 0.3098584175109863, "memory": 3598, "step": 900}
{"lr": 0.00977718671310168, "data_time": 0.002187228202819824, "loss": 0.048273352533578874, "decode.loss_ce": 0.03442170107737184, "decode.acc_seg": 85.986328125, "aux.loss_ce": 0.013851651921868324, "aux.acc_seg": 84.1552734375, "time": 0.31069800853729246, "memory": 3598, "step": 1000}
{"lr": 0.009754851877995354, "data_time": 0.002242255210876465, "loss": 0.048662780039012435, "decode.loss_ce": 0.03420776296406984, "decode.acc_seg": 85.68115234375, "aux.loss_ce": 0.01445501744747162, "aux.acc_seg": 79.6478271484375, "time": 0.3111958742141724, "memory": 3598, "step": 1100}
{"lr": 0.009732511300541468, "data_time": 0.002100515365600586, "loss": 0.04126360751688481, "decode.loss_ce": 0.028806377481669188, "decode.acc_seg": 83.7188720703125, "aux.loss_ce": 0.012457230361178517, "aux.acc_seg": 83.0230712890625, "time": 0.34402501583099365, "memory": 3598, "step": 1200}
{"aAcc": 74.61, "mIoU": 35.92, "mAcc": 42.49, "data_time": 0.003412326176961263, "time": 0.2841932243771023, "step": 1200}
{"lr": 0.009710164964458045, "data_time": 0.0020963430404663088, "loss": 0.041637461818754676, "decode.loss_ce": 0.02915050704032183, "decode.acc_seg": 88.9678955078125, "aux.loss_ce": 0.012486954592168331, "aux.acc_seg": 84.02099609375, "time": 0.31999897956848145, "memory": 3598, "step": 1300}
{"lr": 0.009687812853374727, "data_time": 0.0022893190383911134, "loss": 0.04379194602370262, "decode.loss_ce": 0.030246452055871488, "decode.acc_seg": 83.251953125, "aux.loss_ce": 0.013545494340360165, "aux.acc_seg": 83.282470703125, "time": 0.3135550022125244, "memory": 3598, "step": 1400}
{"lr": 0.009665454950832103, "data_time": 0.0023112058639526366, "loss": 0.044485071673989296, "decode.loss_ce": 0.03158528488129377, "decode.acc_seg": 81.8267822265625, "aux.loss_ce": 0.012899786280468107, "aux.acc_seg": 82.0526123046875, "time": 0.3188121795654297, "memory": 3598, "step": 1500}
{"lr": 0.009643091240280942, "data_time": 0.0022912025451660156, "loss": 0.03969881664961576, "decode.loss_ce": 0.028333150874823333, "decode.acc_seg": 79.9041748046875, "aux.loss_ce": 0.011365665821358562, "aux.acc_seg": 79.876708984375, "time": 0.31492569446563723, "memory": 3598, "step": 1600}
{"aAcc": 63.72, "mIoU": 30.66, "mAcc": 38.53, "data_time": 0.0032638443840874564, "time": 0.28490908940633136, "step": 1600}
{"lr": 0.009620721705081534, "data_time": 0.0020029306411743163, "loss": 0.04399533998221159, "decode.loss_ce": 0.030504771508276463, "decode.acc_seg": 87.3809814453125, "aux.loss_ce": 0.013490568194538356, "aux.acc_seg": 83.5235595703125, "time": 0.3148582220077515, "memory": 3598, "step": 1700}
{"lr": 0.009598346328502901, "data_time": 0.002103877067565918, "loss": 0.04486997779458761, "decode.loss_ce": 0.03184350626543164, "decode.acc_seg": 86.3922119140625, "aux.loss_ce": 0.013026472087949515, "aux.acc_seg": 86.8255615234375, "time": 0.31675190925598146, "memory": 3598, "step": 1800}
{"lr": 0.009575965093722064, "data_time": 0.0019977331161499024, "loss": 0.044752345979213716, "decode.loss_ce": 0.03170768078416586, "decode.acc_seg": 81.671142578125, "aux.loss_ce": 0.013044665474444628, "aux.acc_seg": 81.09130859375, "time": 0.315920352935791, "memory": 3598, "step": 1900}
{"lr": 0.009553577983823325, "data_time": 0.0019864320755004885, "loss": 0.039866383746266366, "decode.loss_ce": 0.02858505928888917, "decode.acc_seg": 85.858154296875, "aux.loss_ce": 0.011281323945149779, "aux.acc_seg": 85.9375, "time": 0.33712162971496584, "memory": 3598, "step": 2000}
{"aAcc": 78.15, "mIoU": 44.1, "mAcc": 50.65, "data_time": 0.0032702551947699655, "time": 0.29004338052537704, "step": 2000}
{"lr": 0.0095311849817975, "data_time": 0.0020934104919433593, "loss": 0.03952931519597769, "decode.loss_ce": 0.027820303477346896, "decode.acc_seg": 88.6627197265625, "aux.loss_ce": 0.011709011858329177, "aux.acc_seg": 90.716552734375, "time": 0.31903657913208006, "memory": 3598, "step": 2100}
{"lr": 0.009508786070541123, "data_time": 0.002297067642211914, "loss": 0.03861427661031484, "decode.loss_ce": 0.027246077824383975, "decode.acc_seg": 73.0133056640625, "aux.loss_ce": 0.011368198972195386, "aux.acc_seg": 72.83935546875, "time": 0.3181877851486206, "memory": 3598, "step": 2200}
{"lr": 0.009486381232855704, "data_time": 0.0022964000701904295, "loss": 0.03554671937599778, "decode.loss_ce": 0.025220780353993177, "decode.acc_seg": 83.11767578125, "aux.loss_ce": 0.010325938602909446, "aux.acc_seg": 83.69140625, "time": 0.31671957969665526, "memory": 3598, "step": 2300}
{"lr": 0.009463970451446941, "data_time": 0.002291226387023926, "loss": 0.03126816246658563, "decode.loss_ce": 0.02159991068765521, "decode.acc_seg": 94.366455078125, "aux.loss_ce": 0.009668251732364297, "aux.acc_seg": 90.283203125, "time": 0.3182129144668579, "memory": 3598, "step": 2400}
{"aAcc": 78.85, "mIoU": 46.1,