{"aAcc": 84.16, "mIoU": 56.61, "mAcc": 63.0, "data_time": 0.1497817600474638, "time": 2.982384106692146}