{"lr": 2.806774774774774e-05, "data_time": 0.4010588228702545, "loss": 2.4375278055667877, "loss_cls": 1.5447576344013214, "loss_bbox": 0.8927701488137245, "time": 1.0079703032970428, "epoch": 1, "iter": 8, "memory": 11374, "step": 8}
{"lr": 6.0099459459459453e-05, "data_time": 0.3547904044389725, "loss": 2.475799560546875, "loss_cls": 1.611818090081215, "loss_bbox": 0.8639814555644989, "time": 0.8262031674385071, "epoch": 2, "iter": 16, "memory": 11372, "step": 16}
{"lr": 9.213117117117117e-05, "data_time": 0.32835442821184796, "loss": 2.4955993394056954, "loss_cls": 1.6521916389465332, "loss_bbox": 0.8434076855580012, "time": 0.7573890288670858, "epoch": 3, "iter": 24, "memory": 11372, "step": 24}
{"lr": 0.00012416288288288286, "data_time": 0.3083365708589554, "loss": 2.5386375188827515, "loss_cls": 1.7351932153105736, "loss_bbox": 0.803444292396307, "time": 0.7147605940699577, "epoch": 4, "iter": 32, "memory": 11386, "step": 32}
{"lr": 0.00015619459459459463, "data_time": 0.2942535996437073, "loss": 2.5424135267734527, "loss_cls": 1.7746483594179154, "loss_bbox": 0.7677651554346084, "time": 0.6874748051166535, "epoch": 5, "iter": 40, "memory": 11373, "step": 40}
{"lr": 0.0001882263063063063, "data_time": 0.29007438321908313, "loss": 2.4571614091595015, "loss_cls": 1.7265734449028969, "loss_bbox": 0.7305879549433788, "time": 0.6749710490306219, "epoch": 6, "iter": 48, "memory": 11373, "step": 48}
{"lr": 0.00022025801801801796, "data_time": 0.26805738925933836, "loss": 2.3056433248519896, "loss_cls": 1.6280238151550293, "loss_bbox": 0.6776195037364959, "time": 0.6067968416213989, "epoch": 7, "iter": 56, "memory": 11370, "step": 56}
{"lr": 0.0002522897297297296, "data_time": 0.259295916557312, "loss": 2.089561558961868, "loss_cls": 1.4683312213420867, "loss_bbox": 0.6212303256988525, "time": 0.5989572668075561, "epoch": 8, "iter": 64, "memory": 11374, "step": 64}
{"lr": 0.0002843214414414413, "data_time": 0.2553070545196533, "loss": 1.8579280996322631, "loss_cls": 1.293252827525139, "loss_bbox": 0.5646752655506134, "time": 0.5944098472595215, "epoch": 9, "iter": 72, "memory": 11382, "step": 72}
{"lr": 0.000316353153153153, "data_time": 0.25715371608734133, "loss": 1.57076721906662, "loss_cls": 1.0585650098323822, "loss_bbox": 0.5122022062540055, "time": 0.5960213375091553, "epoch": 10, "iter": 80, "memory": 11377, "step": 80}
{"coco/bbox_mAP": 0.527, "coco/bbox_mAP_50": 0.701, "coco/bbox_mAP_75": 0.67, "coco/bbox_mAP_s": 0.007, "coco/bbox_mAP_m": 0.328, "coco/bbox_mAP_l": 0.618, "data_time": 0.1965163548787435, "time": 0.2692420482635498, "step": 10}
{"lr": 0.00034838486486486454, "data_time": 0.25476555824279784, "loss": 1.2860332930088043, "loss_cls": 0.807576168179512, "loss_bbox": 0.47845712065696716, "time": 0.5932272815704346, "epoch": 11, "iter": 88, "memory": 11382, "step": 88}
{"lr": 0.000380416576576576, "data_time": 0.2597853374481201, "loss": 1.0619085729122162, "loss_cls": 0.6142833936214447, "loss_bbox": 0.4476251763105392, "time": 0.5973783540725708, "epoch": 12, "iter": 96, "memory": 11385, "step": 96}
{"lr": 0.0004124482882882877, "data_time": 0.2434598159790039, "loss": 0.9186427807807922, "loss_cls": 0.5025865018367768, "loss_bbox": 0.4160562747716904, "time": 0.5809766006469727, "epoch": 13, "iter": 104, "memory": 11374, "step": 104}
{"lr": 0.00044447999999999927, "data_time": 0.2434058666229248, "loss": 0.825544581413269, "loss_cls": 0.4377496057748795, "loss_bbox": 0.3877949726581573, "time": 0.5804346990585327, "epoch": 14, "iter": 112, "memory": 11375, "step": 112}
{"lr": 0.0004765117117117111, "data_time": 0.24791885852813722, "loss": 0.753911315202713, "loss_cls": 0.3924729323387146, "loss_bbox": 0.36143837720155714, "time": 0.5846706485748291, "epoch": 15, "iter": 120, "memory": 11371, "step": 120}
{"lr": 0.0005085434234234226, "data_time": 0.25188265323638914, "loss": 0.7113767683506012, "loss_cls": 0.3700573945045471, "loss_bbox": 0.3413193681836128, "time": 0.5886146259307862, "epoch": 16, "iter": 128, "memory": 11379, "step": 128}
{"lr": 0.0005405751351351343, "data_time": 0.25639269828796385, "loss": 0.679251252412796, "loss_cls": 0.3538995188474655, "loss_bbox": 0.32535173147916796, "time": 0.5929648876190186, "epoch": 17, "iter": 136, "memory": 11372, "step": 136}
{"lr": 0.000572606846846846, "data_time": 0.2510263633728027, "loss": 0.6430389988422394, "loss_cls": 0.3339403408765793, "loss_bbox": 0.30909865856170654, "time": 0.5887265586853028, "epoch": 18, "iter": 144, "memory": 11374, "step": 144}
{"lr": 0.0006046385585585578, "data_time": 0.2536675548553467, "loss": 0.6228031498193741, "loss_cls": 0.32038719654083253, "loss_bbox": 0.3024159559607506, "time": 0.5925683641433716, "epoch": 19, "iter": 152, "memory": 11376, "step": 152}
{"lr": 0.0006366702702702695, "data_time": 0.25643768787384036, "loss": 0.6132572108507156, "loss_cls": 0.31819409161806106, "loss_bbox": 0.2950631234049797, "time": 0.5950517892837525, "epoch": 20, "iter": 160, "memory": 11374, "step": 160}
{"coco/bbox_mAP": 0.703, "coco/bbox_mAP_50": 0.876, "coco/bbox_mAP_75": 0.847, "coco/bbox_mAP_s": 0.038, "coco/bbox_mAP_m": 0.516, "coco/bbox_mAP_l": 0.803, "data_time": 0.07126510143280029, "time": 0.13433527946472168, "step": 20}
{"lr": 0.0006687019819819811, "data_time": 0.25019768238067625, "loss": 0.5970808392763138, "loss_cls": 0.3088686263561249, "loss_bbox": 0.2882122182846069, "time": 0.5894059038162232, "epoch": 21, "iter": 168, "memory": 11377, "step": 168}
{"lr": 0.0007007336936936929, "data_time": 0.23825884342193604, "loss": 0.5943938130140305, "loss_cls": 0.30679089784622193, "loss_bbox": 0.2876029199361801, "time": 0.5771989679336548, "epoch": 22, "iter": 176, "memory": 11376, "step": 176}
{"lr": 0.0007327654054054045, "data_time": 0.23619927883148192, "loss": 0.5786502140760422, "loss_cls": 0.29357030123472216, "loss_bbox": 0.28507991671562194, "time": 0.5759808254241944, "epoch": 23, "iter": 184, "memory": 11370, "step": 184}
{"lr": 0.0007647971171171161, "data_time": 0.23522749900817871, "loss": 0.5731514507532119, "loss_cls": 0.29057886481285095, "loss_bbox": 0.2825725856423378, "time": 0.5756734895706177, "epoch": 24, "iter": 192, "memory": 11372, "step": 192}
{"lr": 0.000796828828828828, "data_time": 0.2351965856552124, "loss": 0.5634212666749954, "loss_cls": 0.2830896484851837, "loss_bbox": 0.28033161759376524, "time": 0.5745951509475709, "epoch": 25, "iter": 200, "memory": 11372, "step": 200}
{"lr": 0.0008288605405405398, "data_time": 0.2265150547027588, "loss": 0.5450898849964142, "loss_cls": 0.2688812896609306, "loss_bbox": 0.2762085935473442, "time": 0.5666430377960205, "epoch": 26, "iter": 208, "memory": 11374, "step": 208}
{"lr": 0.0008608922522522515, "data_time": 0.2244568920135498, "loss": 0.5368434125185013, "loss_cls": 0.2604673770070076, "loss_bbox": 0.27637603402137756, "time": 0.5645393228530884, "epoch": 27, "iter": 216, "memory": 11370, "step": 216}
{"lr": 0.000892923963963963, "data_time": 0.23902366638183595, "loss": 0.5271884882450104, "loss_cls": 0.2522315049171448, "loss_bbox": 0.2749569803476334, "time": 0.5792996835708618, "epoch": 28, "iter": 224, "memory": 11376, "step": 224}
{"lr": 0.0009249556756756747, "data_time": 0.24108496189117432, "loss": 0.5195289224386215, "loss_cls": 0.24599484741687774, "loss_bbox": 0.27353407084941866, "time": 0.5813166856765747, "epoch": 29, "iter": 232, "memory": 11386, "step": 232}
{"lr": 0.000956987387387386, "data_time": 0.23977899074554443, "loss": 0.5084870004653931, "loss_cls": 0.23955842345952988, "loss_bbox": 0.2689285749197006, "time": 0.5795924615859985, "epoch": 30, "iter": 240, "memory": 11376, "step": 240}
{"coco/bbox_mAP": 0.697, "coco/bbox_mAP_50": 0.84, "coco/bbox_mAP_75": 0.81, "coco/bbox_mAP_s": 0.0, "coco/bbox_mAP_m": 0.547, "coco/bbox_mAP_l": 0.787, "data_time": 0.07251310348510742, "time": 0.13434207439422607, "step": 30}
{"lr": 0.0009890190990990973, "data_time": 0.23674148082733154, "loss": 0.4970099490880966, "loss_cls": 0.23164841383695603,