{"lr": 0.009998217937626687, "data_time": 0.002108547422620985, "loss": 0.13799485315879187, "decode.loss_ce": 0.09542714059352875, "decode.acc_seg": 52.0263671875, "aux.loss_ce": 0.04256771090957853, "aux.acc_seg": 47.796630859375, "time": 1.1755548583136664, "memory": 6130, "step": 9}
{"lr": 0.00997794446709763, "data_time": 0.0020369529724121095, "loss": 0.07799722477793694, "decode.loss_ce": 0.054786224663257596, "decode.acc_seg": 78.448486328125, "aux.loss_ce": 0.023210999555885792, "aux.acc_seg": 73.92578125, "time": 0.2771185636520386, "memory": 3596, "step": 100}
{"lr": 0.009955660594668054, "data_time": 0.002042341232299805, "loss": 0.061258886754512784, "decode.loss_ce": 0.04261952564120293, "decode.acc_seg": 73.9044189453125, "aux.loss_ce": 0.018639361206442117, "aux.acc_seg": 71.002197265625, "time": 0.2822635889053345, "memory": 3596, "step": 200}
{"lr": 0.009933371122565919, "data_time": 0.0020888566970825194, "loss": 0.055860313773155215, "decode.loss_ce": 0.03951128572225571, "decode.acc_seg": 87.20703125, "aux.loss_ce": 0.016349027398973703, "aux.acc_seg": 85.6292724609375, "time": 0.28459742069244387, "memory": 3596, "step": 300}
{"lr": 0.009911076035273796, "data_time": 0.0020943641662597655, "loss": 0.05939909517765045, "decode.loss_ce": 0.04142100792378187, "decode.acc_seg": 82.269287109375, "aux.loss_ce": 0.017978087440133093, "aux.acc_seg": 77.2186279296875, "time": 0.2887988567352295, "memory": 3596, "step": 400}
{"aAcc": 55.01, "mIoU": 12.47, "mAcc": 20.23, "data_time": 0.14935682801639333, "time": 2.6145834221559414, "step": 400}
{"lr": 0.0098887753171919, "data_time": 0.0021968841552734374, "loss": 0.05381916724145412, "decode.loss_ce": 0.03733641467988491, "decode.acc_seg": 78.0364990234375, "aux.loss_ce": 0.016482752095907927, "aux.acc_seg": 71.15478515625, "time": 0.3039624929428101, "memory": 6755, "step": 500}
{"lr": 0.009866468952637547, "data_time": 0.0023767948150634766, "loss": 0.05373399201780558, "decode.loss_ce": 0.03782145287841558, "decode.acc_seg": 85.833740234375, "aux.loss_ce": 0.01591253960505128, "aux.acc_seg": 83.7554931640625, "time": 0.3070218563079834, "memory": 3598, "step": 600}
{"lr": 0.009844156925844432, "data_time": 0.001997828483581543, "loss": 0.055203044414520265, "decode.loss_ce": 0.0392101751640439, "decode.acc_seg": 80.3253173828125, "aux.loss_ce": 0.01599286952987313, "aux.acc_seg": 82.65380859375, "time": 0.3074357509613037, "memory": 3598, "step": 700}
{"lr": 0.009821839220962003, "data_time": 0.0022608041763305664, "loss": 0.045587836764752865, "decode.loss_ce": 0.03210428673774004, "decode.acc_seg": 76.0223388671875, "aux.loss_ce": 0.013483550166711211, "aux.acc_seg": 70.428466796875, "time": 0.30919933319091797, "memory": 3598, "step": 800}
{"aAcc": 74.71, "mIoU": 33.17, "mAcc": 39.2, "data_time": 0.003436393207973904, "time": 0.2822419802347819, "step": 800}
{"lr": 0.009799515822054777, "data_time": 0.002112746238708496, "loss": 0.052999154664576054, "decode.loss_ce": 0.03763023894280195, "decode.acc_seg": 82.9864501953125, "aux.loss_ce": 0.015368916373699904, "aux.acc_seg": 83.831787109375, "time": 0.30982027053833006, "memory": 3598, "step": 900}
{"lr": 0.00977718671310168, "data_time": 0.0020026206970214845, "loss": 0.04702545776963234, "decode.loss_ce": 0.03304008208215237, "decode.acc_seg": 89.5263671875, "aux.loss_ce": 0.013985375128686427, "aux.acc_seg": 88.1378173828125, "time": 0.3116694211959839, "memory": 3598, "step": 1000}
{"lr": 0.009754851877995354, "data_time": 0.002091240882873535, "loss": 0.05206323731690645, "decode.loss_ce": 0.036684940848499534, "decode.acc_seg": 74.0753173828125, "aux.loss_ce": 0.01537829553708434, "aux.acc_seg": 76.18408203125, "time": 0.3102927923202515, "memory": 3598, "step": 1100}
{"lr": 0.009732511300541468, "data_time": 0.002091717720031738, "loss": 0.038919311575591566, "decode.loss_ce": 0.026834433153271674, "decode.acc_seg": 88.2110595703125, "aux.loss_ce": 0.012084878887981177, "aux.acc_seg": 85.2813720703125, "time": 0.3137031316757202, "memory": 3598, "step": 1200}
{"aAcc": 68.81, "mIoU": 25.03, "mAcc": 31.42, "data_time": 0.0035534964667426217, "time": 0.28302496009402806, "step": 1200}
{"lr": 0.009710164964458045, "data_time": 0.0019988536834716795, "loss": 0.039094267226755616, "decode.loss_ce": 0.027286397665739058, "decode.acc_seg": 88.9801025390625, "aux.loss_ce": 0.01180786993354559, "aux.acc_seg": 85.0921630859375, "time": 0.31005301475524905, "memory": 3598, "step": 1300}
{"lr": 0.009687812853374727, "data_time": 0.0020917654037475586, "loss": 0.04273222256451845, "decode.loss_ce": 0.029699586890637876, "decode.acc_seg": 83.612060546875, "aux.loss_ce": 0.013032635767012834, "aux.acc_seg": 83.0230712890625, "time": 0.3143669843673706, "memory": 3598, "step": 1400}
{"lr": 0.009665454950832103, "data_time": 0.0020881414413452147, "loss": 0.04295950010418892, "decode.loss_ce": 0.03013653177767992, "decode.acc_seg": 84.9273681640625, "aux.loss_ce": 0.012822968047112226, "aux.acc_seg": 83.0718994140625, "time": 0.314197039604187, "memory": 3598, "step": 1500}
{"lr": 0.009643091240280942, "data_time": 0.002011227607727051, "loss": 0.03685477524995804, "decode.loss_ce": 0.025621070060878992, "decode.acc_seg": 81.170654296875, "aux.loss_ce": 0.011233705095946789, "aux.acc_seg": 83.2763671875, "time": 0.3121250867843628, "memory": 3598, "step": 1600}
{"aAcc": 70.67, "mIoU": 34.16, "mAcc": 40.81, "data_time": 0.0032773547702365452, "time": 0.28451130125257706, "step": 1600}
{"lr": 0.009620721705081534, "data_time": 0.0021918535232543944, "loss": 0.04899327587336302, "decode.loss_ce": 0.03430615570396185, "decode.acc_seg": 89.3280029296875, "aux.loss_ce": 0.014687120402231812, "aux.acc_seg": 88.9129638671875, "time": 0.31541330814361573, "memory": 3598, "step": 1700}
{"lr": 0.009598346328502901, "data_time": 0.0020947694778442384, "loss": 0.039528497494757175, "decode.loss_ce": 0.027987114898860455, "decode.acc_seg": 85.75439453125, "aux.loss_ce": 0.011541382502764463, "aux.acc_seg": 88.275146484375, "time": 0.31261885166168213, "memory": 3598, "step": 1800}
{"lr": 0.009575965093722064, "data_time": 0.0022893190383911134, "loss": 0.04229376893490553, "decode.loss_ce": 0.029595895670354366, "decode.acc_seg": 85.8001708984375, "aux.loss_ce": 0.012697873031720519, "aux.acc_seg": 86.077880859375, "time": 0.31493253707885743, "memory": 3598, "step": 1900}
{"lr": 0.009553577983823325, "data_time": 0.0021221399307250976, "loss": 0.03883348647505045, "decode.loss_ce": 0.02762945117428899, "decode.acc_seg": 82.647705078125, "aux.loss_ce": 0.011204035067930818, "aux.acc_seg": 84.222412109375, "time": 0.3153498649597168, "memory": 3598, "step": 2000}
{"aAcc": 72.97, "mIoU": 33.69, "mAcc": 39.83, "data_time": 0.003431174490186903, "time": 0.28670619593726265, "step": 2000}
{"lr": 0.0095311849817975, "data_time": 0.0022010564804077148, "loss": 0.03938711229711771, "decode.loss_ce": 0.027826271019876003, "decode.acc_seg": 91.2750244140625, "aux.loss_ce": 0.01156084076501429, "aux.acc_seg": 90.2069091796875, "time": 0.3135491371154785, "memory": 3598, "step": 2100}
{"lr": 0.009508786070541123, "data_time": 0.002120828628540039, "loss": 0.03879623040556908, "decode.loss_ce": 0.027473931573331355, "decode.acc_seg": 71.1822509765625, "aux.loss_ce": 0.011322298971936106, "aux.acc_seg": 70.855712890625, "time": 0.3178570032119751, "memory": 3598, "step": 2200}
{"lr": 0.009486381232855704, "data_time": 0.0020026445388793947, "loss": 0.03912341594696045, "decode.loss_ce": 0.028083468740805983, "decode.acc_seg": 84.2529296875, "aux.loss_ce": 0.011039946670643985, "aux.acc_seg": 84.0087890625, "time": 0.31585381031036375, "memory": 3598, "step": 2300}
{"lr": 0.009463970451446941, "data_time": 0.002557182312011719, "loss": 0.03194855228066444, "decode.loss_ce": 0.022243871726095675, "decode.acc_seg": 86.9110107421875, "aux.loss_ce": 0.009704680368304252, "aux.acc_seg": 83.489990234375, "time": 0.31587059497833253, "memory": 3598,