{"lr": 0.009998217937626687, "data_time": 0.0019875897301567923, "loss": 0.137462071246571, "decode.loss_ce": 0.09504820158084233, "decode.acc_seg": 49.3621826171875, "aux.loss_ce": 0.04241386925180753, "aux.acc_seg": 47.5128173828125, "time": 1.6489986843532987, "memory": 6130, "step": 9}
{"lr": 0.00997794446709763, "data_time": 0.0019941329956054688, "loss": 0.07647200524806977, "decode.loss_ce": 0.05247122310101986, "decode.acc_seg": 77.5299072265625, "aux.loss_ce": 0.0240007808431983, "aux.acc_seg": 75.250244140625, "time": 0.28242812156677244, "memory": 3598, "step": 100}
{"lr": 0.009955660594668054, "data_time": 0.0020971775054931642, "loss": 0.06284185200929641, "decode.loss_ce": 0.043430031090974805, "decode.acc_seg": 71.6522216796875, "aux.loss_ce": 0.01941182017326355, "aux.acc_seg": 70.6329345703125, "time": 0.28988165855407716, "memory": 3598, "step": 200}
{"lr": 0.009933371122565919, "data_time": 0.001985478401184082, "loss": 0.05167841725051403, "decode.loss_ce": 0.03560214377939701, "decode.acc_seg": 90.0634765625, "aux.loss_ce": 0.016076272819191217, "aux.acc_seg": 86.6058349609375, "time": 0.29048211574554444, "memory": 3598, "step": 300}
{"lr": 0.009911076035273796, "data_time": 0.002288341522216797, "loss": 0.05458383075892925, "decode.loss_ce": 0.037300980463624, "decode.acc_seg": 80.670166015625, "aux.loss_ce": 0.017282850109040737, "aux.acc_seg": 81.610107421875, "time": 0.30891642570495603, "memory": 3598, "step": 400}
{"aAcc": 68.2, "mIoU": 29.08, "mAcc": 37.06, "data_time": 0.1510746058295755, "time": 2.614533031688017, "step": 400}
{"lr": 0.0098887753171919, "data_time": 0.002148556709289551, "loss": 0.049759716540575025, "decode.loss_ce": 0.03455332610756159, "decode.acc_seg": 73.84033203125, "aux.loss_ce": 0.015206389781087636, "aux.acc_seg": 67.913818359375, "time": 0.2998161315917969, "memory": 6754, "step": 500}
{"lr": 0.009866468952637547, "data_time": 0.0021967172622680666, "loss": 0.05184568669646979, "decode.loss_ce": 0.036229626089334485, "decode.acc_seg": 81.329345703125, "aux.loss_ce": 0.015616060327738523, "aux.acc_seg": 81.1431884765625, "time": 0.3064155101776123, "memory": 3597, "step": 600}
{"lr": 0.009844156925844432, "data_time": 0.001994419097900391, "loss": 0.06064878441393375, "decode.loss_ce": 0.043710277415812016, "decode.acc_seg": 76.98974609375, "aux.loss_ce": 0.01693850727751851, "aux.acc_seg": 80.3802490234375, "time": 0.30871312618255614, "memory": 3597, "step": 700}
{"lr": 0.009821839220962003, "data_time": 0.0019949197769165037, "loss": 0.043463163264095786, "decode.loss_ce": 0.03074004389345646, "decode.acc_seg": 72.5311279296875, "aux.loss_ce": 0.012723119370639325, "aux.acc_seg": 70.81298828125, "time": 0.3073072671890259, "memory": 3597, "step": 800}
{"aAcc": 77.03, "mIoU": 50.83, "mAcc": 60.2, "data_time": 0.003324429194132487, "time": 0.28064825799730087, "step": 800}
{"lr": 0.009799515822054777, "data_time": 0.0019939661026000975, "loss": 0.05916220843791962, "decode.loss_ce": 0.04201323725283146, "decode.acc_seg": 81.256103515625, "aux.loss_ce": 0.017148969881236552, "aux.acc_seg": 82.4005126953125, "time": 0.3094094038009644, "memory": 3597, "step": 900}
{"lr": 0.00977718671310168, "data_time": 0.0020905017852783205, "loss": 0.04844370428472757, "decode.loss_ce": 0.03411738993600011, "decode.acc_seg": 84.613037109375, "aux.loss_ce": 0.014326313976198435, "aux.acc_seg": 83.935546875, "time": 0.3136871576309204, "memory": 3597, "step": 1000}
{"lr": 0.009754851877995354, "data_time": 0.0023388385772705076, "loss": 0.04751771166920662, "decode.loss_ce": 0.033923887833952907, "decode.acc_seg": 86.7156982421875, "aux.loss_ce": 0.01359382402151823, "aux.acc_seg": 82.8704833984375, "time": 0.3138643026351929, "memory": 3597, "step": 1100}
{"lr": 0.009732511300541468, "data_time": 0.0020978450775146484, "loss": 0.036748035438358785, "decode.loss_ce": 0.024710978753864764, "decode.acc_seg": 87.994384765625, "aux.loss_ce": 0.01203705659136176, "aux.acc_seg": 86.6424560546875, "time": 0.3168257474899292, "memory": 3597, "step": 1200}
{"aAcc": 71.58, "mIoU": 44.13, "mAcc": 52.51, "data_time": 0.003213591045803494, "time": 0.2856995662053426, "step": 1200}
{"lr": 0.009710164964458045, "data_time": 0.0020871639251708986, "loss": 0.044118987396359444, "decode.loss_ce": 0.03136287536472082, "decode.acc_seg": 82.43408203125, "aux.loss_ce": 0.012756112031638622, "aux.acc_seg": 81.06689453125, "time": 0.31431562900543214, "memory": 3597, "step": 1300}
{"lr": 0.009687812853374727, "data_time": 0.0021880388259887694, "loss": 0.04017885401844978, "decode.loss_ce": 0.028022179007530214, "decode.acc_seg": 84.58251953125, "aux.loss_ce": 0.012156674591824412, "aux.acc_seg": 84.9395751953125, "time": 0.31310243606567384, "memory": 3597, "step": 1400}
{"lr": 0.009665454950832103, "data_time": 0.0022244691848754884, "loss": 0.04396065287292004, "decode.loss_ce": 0.031068243086338043, "decode.acc_seg": 83.575439453125, "aux.loss_ce": 0.01289241029880941, "aux.acc_seg": 83.88671875, "time": 0.3151263236999512, "memory": 3597, "step": 1500}
{"lr": 0.009643091240280942, "data_time": 0.0021465063095092774, "loss": 0.036748950742185114, "decode.loss_ce": 0.026158538088202475, "decode.acc_seg": 82.2265625, "aux.loss_ce": 0.010590412234887481, "aux.acc_seg": 83.65478515625, "time": 0.31766040325164796, "memory": 3597, "step": 1600}
{"aAcc": 72.07, "mIoU": 46.29, "mAcc": 55.83, "data_time": 0.003322601318359375, "time": 0.28621918625301784, "step": 1600}
{"lr": 0.009620721705081534, "data_time": 0.0021810293197631835, "loss": 0.045593923330307005, "decode.loss_ce": 0.031765120662748815, "decode.acc_seg": 81.18896484375, "aux.loss_ce": 0.013828802667558194, "aux.acc_seg": 80.7220458984375, "time": 0.3110047817230225, "memory": 3597, "step": 1700}
{"lr": 0.009598346328502901, "data_time": 0.002190828323364258, "loss": 0.03883076161146164, "decode.loss_ce": 0.02763133216649294, "decode.acc_seg": 82.5103759765625, "aux.loss_ce": 0.011199430003762246, "aux.acc_seg": 86.2396240234375, "time": 0.31523706912994387, "memory": 3597, "step": 1800}
{"lr": 0.009575965093722064, "data_time": 0.001993560791015625, "loss": 0.04413859322667122, "decode.loss_ce": 0.031109515577554703, "decode.acc_seg": 83.0963134765625, "aux.loss_ce": 0.013029077276587486, "aux.acc_seg": 85.992431640625, "time": 0.31592323780059817, "memory": 3597, "step": 1900}
{"lr": 0.009553577983823325, "data_time": 0.002225518226623535, "loss": 0.03890249226242304, "decode.loss_ce": 0.027382024936378, "decode.acc_seg": 82.366943359375, "aux.loss_ce": 0.011520467838272453, "aux.acc_seg": 81.3446044921875, "time": 0.3158498048782349, "memory": 3597, "step": 2000}
{"aAcc": 77.92, "mIoU": 53.05, "mAcc": 60.38, "data_time": 0.003045029110378689, "time": 0.2879503568013509, "step": 2000}
{"lr": 0.0095311849817975, "data_time": 0.0021908760070800783, "loss": 0.037423139438033104, "decode.loss_ce": 0.02641369355842471, "decode.acc_seg": 90.887451171875, "aux.loss_ce": 0.011009446205571293, "aux.acc_seg": 91.3848876953125, "time": 0.3199222326278687, "memory": 3597, "step": 2100}
{"lr": 0.009508786070541123, "data_time": 0.0021982908248901365, "loss": 0.038052132539451125, "decode.loss_ce": 0.026877522468566895, "decode.acc_seg": 70.0531005859375, "aux.loss_ce": 0.011174611002206802, "aux.acc_seg": 69.525146484375, "time": 0.3179540872573853, "memory": 3597, "step": 2200}
{"lr": 0.009486381232855704, "data_time": 0.002217817306518555, "loss": 0.036833683401346205, "decode.loss_ce": 0.026158264884725214, "decode.acc_seg": 78.912353515625, "aux.loss_ce": 0.010675417934544384, "aux.acc_seg": 81.439208984375, "time": 0.3196501493453979, "memory": 3597, "step": 2300}
{"lr": 0.009463970451446941, "data_time": 0.002000856399536133, "loss": 0.032083133421838286, "decode.loss_ce": 0.0222775268368423, "decode.acc_seg": 94.4580078125, "aux.loss_ce": 0.009805606212466955, "aux.acc_seg": 89.2730712890625, "time": 0.31863768100738527, "memory": 3597, "step": 2400}
{"aAcc": 85.92,