{"lr": 0.1, "data_time": 0.0004935026168823242, "loss": 3.366820478439331, "time": 0.044427680969238284, "epoch": 1, "memory": 922, "step": 100}
{"lr": 0.1, "data_time": 0.0003907203674316406, "loss": 3.307840657234192, "time": 0.04747607707977295, "epoch": 1, "memory": 922, "step": 200}
{"lr": 0.1, "data_time": 0.0006743669509887695, "loss": 3.225887966156006, "time": 0.04905807971954346, "epoch": 1, "memory": 922, "step": 300}
{"lr": 0.1, "data_time": 0.00039169788360595705, "loss": 3.273913764953613, "time": 0.04948761463165283, "epoch": 1, "memory": 922, "step": 400}
{"accuracy/top1": 7.110091686248779, "accuracy/top5": 34.633026123046875, "data_time": 0.21004732738841664, "time": 0.23146323290738194, "step": 1}
{"lr": 0.1, "data_time": 0.000487828254699707, "loss": 3.2592326164245606, "time": 0.04787511825561523, "epoch": 2, "memory": 922, "step": 536}
{"lr": 0.1, "data_time": 0.0002909421920776367, "loss": 3.1491992473602295, "time": 0.04817121028900147, "epoch": 2, "memory": 922, "step": 636}
{"lr": 0.1, "data_time": 0.0002019643783569336, "loss": 3.0682475566864014, "time": 0.04986724853515625, "epoch": 2, "memory": 922, "step": 736}
{"lr": 0.1, "data_time": 0.0003907442092895508, "loss": 3.1532543182373045, "time": 0.04955832958221436, "epoch": 2, "memory": 922, "step": 836}
{"accuracy/top1": 9.403669357299805, "accuracy/top5": 40.59632873535156, "data_time": 0.000730182443346296, "time": 0.015313736030033656, "step": 2}
{"lr": 0.1, "data_time": 0.0004889488220214844, "loss": 3.174651026725769, "time": 0.050066137313842775, "epoch": 3, "memory": 922, "step": 972}
{"lr": 0.1, "data_time": 0.00039811134338378905, "loss": 3.0969186067581176, "time": 0.05038352012634277, "epoch": 3, "memory": 922, "step": 1072}
{"lr": 0.1, "data_time": 0.00038754940032958984, "loss": 3.1898002862930297, "time": 0.05076429843902588, "epoch": 3, "memory": 922, "step": 1172}
{"lr": 0.1, "data_time": 0.000697636604309082, "loss": 3.0417898893356323, "time": 0.05126023292541504, "epoch": 3, "memory": 922, "step": 1272}
{"accuracy/top1": 10.779816627502441, "accuracy/top5": 46.10091781616211, "data_time": 0.0006405242851802281, "time": 0.013606322663170951, "step": 3}
{"lr": 0.1, "data_time": 0.00041074752807617186, "loss": 3.038645553588867, "time": 0.049980998039245605, "epoch": 4, "memory": 922, "step": 1408}
{"lr": 0.1, "data_time": 0.0006363630294799804, "loss": 3.078021836280823, "time": 0.05063374042510986, "epoch": 4, "memory": 922, "step": 1508}
{"lr": 0.1, "data_time": 0.00019993782043457032, "loss": 2.926686668395996, "time": 0.0513803243637085, "epoch": 4, "memory": 922, "step": 1608}
{"lr": 0.1, "data_time": 0.0003094196319580078, "loss": 3.0261223554611205, "time": 0.05138835906982422, "epoch": 4, "memory": 922, "step": 1708}
{"accuracy/top1": 10.550458908081055, "accuracy/top5": 44.724769592285156, "data_time": 0.0006760486534663609, "time": 0.01353510788508824, "step": 4}
{"lr": 0.1, "data_time": 0.0004906654357910156, "loss": 3.0522079706192016, "time": 0.0499692440032959, "epoch": 5, "memory": 922, "step": 1844}
{"lr": 0.1, "data_time": 0.00039603710174560545, "loss": 3.038979721069336, "time": 0.0506019115447998, "epoch": 5, "memory": 922, "step": 1944}
{"lr": 0.1, "data_time": 0.000789642333984375, "loss": 2.962338662147522, "time": 0.051362800598144534, "epoch": 5, "memory": 922, "step": 2044}
{"lr": 0.1, "data_time": 0.000708913803100586, "loss": 3.1733858823776244, "time": 0.051961112022399905, "epoch": 5, "memory": 922, "step": 2144}
{"accuracy/top1": 14.449541091918945, "accuracy/top5": 54.128440856933594, "data_time": 0.0007477658135550362, "time": 0.013785013130732946, "step": 5}
{"lr": 0.1, "data_time": 0.00040047168731689454, "loss": 2.782910680770874, "time": 0.05116405487060547, "epoch": 6, "memory": 922, "step": 2280}
{"lr": 0.1, "data_time": 0.000692439079284668, "loss": 2.9027267932891845, "time": 0.05077211856842041, "epoch": 6, "memory": 922, "step": 2380}
{"lr": 0.1, "data_time": 0.0005019664764404297, "loss": 2.922296714782715, "time": 0.05080866813659668, "epoch": 6, "memory": 922, "step": 2480}
{"lr": 0.1, "data_time": 0.0006026029586791992, "loss": 3.074076461791992, "time": 0.05174479484558105, "epoch": 6, "memory": 922, "step": 2580}
{"accuracy/top1": 21.559633255004883, "accuracy/top5": 60.779815673828125, "data_time": 0.0006226343767983573, "time": 0.013607378516878401, "step": 6}
{"lr": 0.1, "data_time": 0.0003968715667724609, "loss": 2.6237136363983153, "time": 0.05116791725158691, "epoch": 7, "memory": 922, "step": 2716}
{"lr": 0.1, "data_time": 0.00019679069519042968, "loss": 2.6971108436584474, "time": 0.052058053016662595, "epoch": 7, "memory": 922, "step": 2816}
{"lr": 0.1, "data_time": 0.00058441162109375, "loss": 2.6370324373245237, "time": 0.05196161270141601, "epoch": 7, "memory": 922, "step": 2916}
{"lr": 0.1, "data_time": 0.0005098104476928711, "loss": 2.792002534866333, "time": 0.05207860469818115, "epoch": 7, "memory": 922, "step": 3016}
{"accuracy/top1": 20.18348503112793, "accuracy/top5": 59.40366744995117, "data_time": 0.0006547995976039342, "time": 0.01362068738256182, "step": 7}
{"lr": 0.1, "data_time": 0.00039370059967041015, "loss": 2.8148738622665403, "time": 0.051079845428466795, "epoch": 8, "memory": 922, "step": 3152}
{"lr": 0.1, "data_time": 0.0005887269973754883, "loss": 2.693448376655579, "time": 0.052686309814453124, "epoch": 8, "memory": 922, "step": 3252}
{"lr": 0.1, "data_time": 0.0005908489227294921, "loss": 2.775742697715759, "time": 0.0525651216506958, "epoch": 8, "memory": 922, "step": 3352}
{"lr": 0.1, "data_time": 0.00039887428283691406, "loss": 2.5002958297729494, "time": 0.05235700607299805, "epoch": 8, "memory": 922, "step": 3452}
{"accuracy/top1": 22.7064208984375, "accuracy/top5": 66.97247314453125, "data_time": 0.0007477445261819023, "time": 0.015191614627838135, "step": 8}
{"lr": 0.1, "data_time": 0.00038769245147705076, "loss": 2.71032794713974, "time": 0.05206165313720703, "epoch": 9, "memory": 922, "step": 3588}
{"lr": 0.1, "data_time": 0.0004931926727294922, "loss": 2.4965675950050352, "time": 0.051365780830383304, "epoch": 9, "memory": 922, "step": 3688}
{"lr": 0.1, "data_time": 0.00038797855377197265, "loss": 2.833731842041016, "time": 0.0525566577911377, "epoch": 9, "memory": 922, "step": 3788}
{"lr": 0.1, "data_time": 0.00029349327087402344, "loss": 2.5919854164123537, "time": 0.051761531829833986, "epoch": 9, "memory": 922, "step": 3888}
{"accuracy/top1": 25.917430877685547, "accuracy/top5": 71.78898620605469, "data_time": 0.0006228046757834298, "time": 0.01353615096637181, "step": 9}
{"lr": 0.1, "data_time": 0.0003893852233886719, "loss": 2.621345114707947, "time": 0.05293846130371094, "epoch": 10, "memory": 922, "step": 4024}
{"lr": 0.1, "data_time": 0.0009060144424438476, "loss": 2.552726924419403, "time": 0.05306096076965332, "epoch": 10, "memory": 922, "step": 4124}
{"lr": 0.1, "data_time": 0.0006418704986572265, "loss": 2.7822466254234315, "time": 0.053352737426757814, "epoch": 10, "memory": 922, "step": 4224}
{"lr": 0.1, "data_time": 0.0005932092666625976, "loss": 2.3851479053497315, "time": 0.05305826663970947, "epoch": 10, "memory": 922, "step": 4324}
{"accuracy/top1": 28.669723510742188, "accuracy/top5": 72.7064208984375, "data_time": 0.0006234688418252128, "time": 0.013500413724354334, "step": 10}
{"lr": 0.1, "data_time": 0.0006084203720092774, "loss": 2.405292820930481, "time": 0.053224802017211914, "epoch": 11, "memory": 922, "step": 4460}
{"lr": 0.1, "data_time": 0.000807952880859375, "loss": 2.762202596664429, "time": 0.05306096076965332, "epoch": 11, "memory": 922, "step": 4560}
{"lr": 0.1, "data_time": 0.0007276535034179688, "loss": 2.524618136882782, "time": 0.0535942554473877, "epoch": 11, "memory": 922, "step": 4660}
{"lr": 0.1, "data_time": 0.0005903959274291993, "loss": 2.426122856140137, "time": 0.05336024761199951, "epoch": 11, "memory": 922, "step": 4760}
{"accuracy/top1": 30.963302612304688, "accuracy/top5": 71.78898620605469,